N,Ah_th,x_0,y_0,x_100,y_100,C_n,C_p,Cap,DOD,Crate,t (hrs),Ah_th_charge,Ah_th_discharge,t (days),Current (A),Q_calc
0,0,0.000403468,0.896226545,0.843252901,0.033558839,6.037909359,5.899199018,5.097695773,1,2,1.00E-10,0,0,0,0,0
41,369.8722266,-0.000390177,0.855113021,0.839750876,0.033544989,5.539738116,5.664973846,4.659213541,1,2,41,184.9361133,184.9361133,1.708333333,9.02127382,410
82,727.1081184,-0.000945399,0.814179926,0.837155185,0.033535802,5.220868105,5.605131036,4.381588169,1,2,82,363.5540592,363.5540592,3.416666667,8.867172176,820
123,1063.158343,-0.001381651,0.770091389,0.843987424,0.033561974,4.792061371,5.500201904,4.060269964,1,2,123,531.5791715,531.5791715,5.125,8.643563764,1230
164,1372.432853,-0.001789948,0.716954205,0.858802018,0.033646813,4.340692524,5.466888196,3.742439973,1,2,164,686.2164265,686.2164265,6.833333333,8.368493006,1640
205,1650.206425,-0.002243374,0.651871014,0.865460216,0.033702544,3.80675885,5.343427374,3.315190717,1,2,205,825.1032125,825.1032125,8.541666667,8.049787439,2050
246,1888.023467,-0.002756225,0.586100788,0.850125639,0.033591712,3.361266683,5.18862679,2.875985249,1,2,246,944.0117335,944.0117335,10.25,7.674892142,2460
