N,Ah_th,x_0,y_0,x_100,y_100,C_n,C_p,Cap,DOD,Crate,t (hrs),Ah_th_charge,Ah_th_discharge,t (days)
0,0,0.000355062,0.894114588,0.829224791,0.033512544,6.027199146,5.804962885,4.987166581,1,2,1.00E-10,0,0,0
21,198.7719437,2.21E-05,0.878350805,0.824205691,0.033500933,5.799811054,5.657938981,4.755198266,1,2,21,99.38597185,99.38597185,0.875
52,480.6514736,-0.000547282,0.844857037,0.830072759,0.033514723,5.475269607,5.605363585,4.519914176,1,2,52,240.3257368,240.3257368,2.166666667
83,747.1410441,-0.00102695,0.806882227,0.842886867,0.033557308,5.104410232,5.570339468,4.275842729,1,2,83,373.5705221,373.5705221,3.458333333
114,996.6942246,-0.001419958,0.765582674,0.858662368,0.033645782,4.718233783,5.544288764,4.025575866,1,2,114,498.3471123,498.3471123,4.75
145,1227.675243,-0.001827817,0.711569581,0.876442476,0.033829559,4.223556182,5.473225432,3.674281078,1,2,145,613.8376215,613.8376215,6.041666667
