N,Ah_th,x_0,y_0,x_100,y_100,C_n,C_p,Cap,DOD,Crate,t (hrs),Ah_th_charge,Ah_th_discharge,t (days),Current (A),Q_calc,% Loss
0,0,0.000387077,0.895516083,0.828563448,0.03351089,6.117120795,5.877058446,5.074301188,1,1.5,1.00E-10,0,0,0,0,0,0
41,373.7561883,-0.000192234,0.866865027,0.821757714,0.033495993,5.739774993,5.661126775,4.722234656,1,1.5,54.66666667,186.8780942,186.8780942,2.277777778,6.837003444,410,6.938226939
82,740.5524536,-0.000580588,0.842563755,0.816858268,0.033487333,5.548011248,5.605354257,4.541278195,1,1.5,109.3333333,370.2762268,370.2762268,4.555555556,6.773345614,819.9999998,10.50436254
123,1094.180846,-0.000927117,0.815762947,0.820266191,0.033493191,5.326476748,5.591507319,4.380489223,1,1.5,164,547.090423,547.090423,6.833333333,6.671834427,1230,13.67305446
164,1433.869694,-0.001227939,0.787106269,0.823587128,0.033499643,5.064638733,5.543197454,4.184327626,1,1.5,218.6666667,716.934847,716.934847,9.111111111,6.557330917,1640,17.53883991
205,1757.7388,-0.001566416,0.747368158,0.830056966,0.033514682,4.717172666,5.495400965,3.932821534,1,1.5,273.3333333,878.8694,878.8694,11.38888889,6.430751708,2050,22.49530747
246,2063.188833,-0.001805158,0.714797312,0.833753145,0.033525,4.447682375,5.454937586,3.724027892,1,1.5,328,1031.594417,1031.594417,13.66666667,6.290209857,2460,26.61003449
287,2346.813403,-0.002087498,0.67403418,0.835806926,0.033531361,4.097133886,5.359797857,3.441892418,1,1.5,382.6666667,1173.406702,1173.406702,15.94444444,6.132787638,2870,32.17011978
328,2605.242566,-0.002385399,0.632439202,0.831139098,0.033517561,3.788091562,5.271920226,3.167571313,1,1.5,437.3333333,1302.621283,1302.621283,18.22222222,5.957109526,3280,37.57620615
