N,Ah_th,x_0,y_0,x_100,y_100,C_n,C_p,Cap,DOD,Crate,t (hrs),Ah_th_charge,Ah_th_discharge,t (days),Current (A),Q_calc
0,0,0.000346951,0.893756566,0.828340353,0.033510341,6.022401413,5.796606241,4.978539047,1,1.5,1.00E-10,0,0,0,0,0
31,294.0460155,-5.18E-05,0.87452042,0.816337686,0.0334865,5.796129462,5.626288314,4.70817451,1,1.5,41.33333333,147.0230078,147.0230078,1.722222222,7.114016505,310
62,575.423396,-0.000527302,0.846211837,0.819131978,0.033491161,5.526731862,5.573916343,4.501197826,1,1.5,82.66666667,287.711698,287.711698,3.444444444,6.960766887,620
91,827.62568,-0.000893263,0.818645177,0.824150612,0.033500816,5.275837457,5.543945294,4.322929312,1,1.5,121.3333333,413.81284,413.81284,5.055555556,6.821090771,909.9999998
120,1068.929034,-0.001182609,0.791802154,0.830266937,0.033515232,5.049386244,5.536571682,4.172868686,1,1.5,160,534.464517,534.464517,6.666666667,6.680806463,1200
149,1300.816286,-0.001434324,0.763864119,0.838409861,0.033540135,4.78406469,5.501488378,3.987388013,1,1.5,198.6666667,650.408143,650.408143,8.277777778,6.547732982,1490
178,1522.173114,-0.001666416,0.734101458,0.84678412,0.033574706,4.528246013,5.484434025,3.813507308,1,1.5,237.3333333,761.086557,761.086557,9.888888889,6.413650762,1780
