N,Ah_th,x_0,y_0,x_100,y_100,C_n,C_p,Cap,DOD,Crate,t (hrs),Ah_th_charge,Ah_th_discharge,t (days)
0,0,0.000351063,0.893938221,0.828963647,0.033511886,5.966020688,5.74543063,4.935404756,0.5,0.2,1.00E-10,0,0,0
18,90.91522993,8.88E-05,0.881695027,0.805524786,0.033472331,5.861659252,5.565980923,4.68580024,0.5,0.2,90,45.45761497,45.45761497,3.75
23,117.8866971,-4.00E-05,0.87514109,0.804031878,0.033470777,5.805171452,5.54584753,4.633571412,0.5,0.2,115,58.94334855,58.94334855,4.791666667
36,183.3994666,-0.000287844,0.861338751,0.800781441,0.033467671,5.698949187,5.51444936,4.527502473,0.5,0.2,180,91.6997333,91.6997333,7.5
45,225.5693958,-0.000378903,0.855815528,0.798854763,0.033465995,5.661996386,5.502840282,4.490107104,0.5,0.2,225,112.7846979,112.7846979,9.375
59,293.2747709,-0.000553289,0.844446657,0.79713591,0.033464597,5.575935674,5.484540132,4.412554941,0.5,0.2,295,146.6373855,146.6373855,12.29166667
92,458.1835082,-0.000973644,0.811696628,0.798630452,0.033465808,5.291272629,5.436591768,4.274801274,0.5,0.2,460,229.0917541,229.0917541,19.16666667
131,664.8467774,-0.001227767,0.787124346,0.793742881,0.033462079,5.132278981,5.413580234,4.120840103,0.5,0.2,655,332.4233887,332.4233887,27.29166667
172,868.5571946,-0.001430592,0.764312093,0.794552362,0.033462652,4.946584728,5.387425782,3.980844776,0.5,0.2,860,434.2785973,434.2785973,35.83333333
